"","Timestamp","Age","Gender","Country","state","self_employed","family_history"
"1","8/27/14 11:29",37,"Female","United States","IL",NA,"No"
"2","8/27/14 11:29",44,"M","United States","IN",NA,"No"
"3","8/27/14 11:29",32,"Male","Canada",NA,NA,"No"
"4","8/27/14 11:29",31,"Male","United Kingdom",NA,NA,"Yes"
"5","8/27/14 11:30",31,"Male","United States","TX",NA,"No"
"6","8/27/14 11:31",33,"Male","United States","TN",NA,"Yes"
"7","8/27/14 11:31",35,"Female","United States","MI",NA,"Yes"
"8","8/27/14 11:32",39,"M","Canada",NA,NA,"No"
"9","8/27/14 11:32",42,"Female","United States","IL",NA,"Yes"
"10","8/27/14 11:32",23,"Male","Canada",NA,NA,"No"
"11","8/27/14 11:32",31,"Male","United States","OH",NA,"No"
"12","8/27/14 11:32",29,"male","Bulgaria",NA,NA,"No"
"13","8/27/14 11:33",42,"female","United States","CA",NA,"Yes"
"14","8/27/14 11:33",36,"Male","United States","CT",NA,"Yes"
"15","8/27/14 11:33",27,"Male","Canada",NA,NA,"No"
"16","8/27/14 11:34",29,"female","United States","IL",NA,"Yes"
"17","8/27/14 11:34",23,"Male","United Kingdom",NA,NA,"No"
"18","8/27/14 11:34",32,"Male","United States","TN",NA,"No"
"19","8/27/14 11:34",46,"male","United States","MD","Yes","Yes"
"20","8/27/14 11:35",36,"Male","France",NA,"Yes","Yes"
"21","8/27/14 11:35",29,"Male","United States","NY","No","Yes"
"22","8/27/14 11:35",31,"male","United States","NC","Yes","No"
"23","8/27/14 11:35",46,"Male","United States","MA","No","No"
"24","8/27/14 11:36",41,"Male","United States","IA","No","No"
"25","8/27/14 11:36",33,"male","United States","CA","No","Yes"
"26","8/27/14 11:37",35,"male","United States","TN","No","Yes"
"27","8/27/14 11:37",33,"male","United States","TN","No","No"
"28","8/27/14 11:37",35,"Female","United States","CA","No","Yes"
"29","8/27/14 11:38",34,"male","United States","OH","No","No"
"30","8/27/14 11:38",37,"Male","United Kingdom",NA,"No","No"
"31","8/27/14 11:39",32,"Male","United Kingdom",NA,"No","No"
"32","8/27/14 11:38",31,"Male","United States","PA","Yes","Yes"
"33","8/27/14 11:39",30,"male","United Kingdom",NA,"No","Yes"
"34","8/27/14 11:39",42,"Male","United States","WA","No","Yes"
"35","8/27/14 11:40",40,"female","United States","WI","No","No"
"36","8/27/14 11:41",27,"Male","United States","NY","No","No"
"37","8/27/14 11:41",29,"Male","Canada",NA,"No","No"
"38","8/27/14 11:41",38,"Male","Portugal",NA,"No","No"
"39","8/27/14 11:42",50,"M","United States","IN","No","No"
"40","8/27/14 11:42",35,"M","United States","TX","No","No"
"41","8/27/14 11:42",24,"Male","United Kingdom",NA,"No","No"
"42","8/27/14 11:42",35,"Male","United States","MI","No","No"
"43","8/27/14 11:43",27,"Male","Canada",NA,"No","Yes"
"44","8/27/14 11:43",18,"Male","Netherlands",NA,"No","No"
"45","8/27/14 11:43",30,"Male","United States","IN","No","No"
"46","8/27/14 11:43",38,"Female","United States","TX","No","Yes"
"47","8/27/14 11:43",28,"Male","United Kingdom",NA,"No","No"
"48","8/27/14 11:43",34,"Male","United States","TN","No","No"
"49","8/27/14 11:43",26,"m","Canada",NA,"Yes","No"
"50","8/27/14 11:44",30,"male","United States","IL","No","Yes"
"51","8/27/14 11:44",22,"M","United States","TX","No","Yes"
"52","8/27/14 11:45",33,"Male","United States","UT","No","No"
"53","8/27/14 11:45",31,"M","United States",NA,"No","No"
"54","8/27/14 11:45",32,"Male","United States","TN","No","No"
"55","8/27/14 11:46",28,"M","Switzerland",NA,"No","No"
"56","8/27/14 11:46",27,"Male-ish","United States","NY","No","Yes"
"57","8/27/14 11:46",32,"maile","United States","TN","No","Yes"
"58","8/27/14 11:47",24,"Male","United States","NY","No","Yes"
"59","8/27/14 11:47",26,"Male","United States","TN","No","No"
"60","8/27/14 11:47",33,"male","Canada",NA,"No","Yes"
"61","8/27/14 11:48",44,"Male","United States","IA","No","Yes"
"62","8/27/14 11:49",26,"Female","Poland",NA,"No","No"
"63","8/27/14 11:50",27,"Male","United Kingdom",NA,"No","No"
"64","8/27/14 11:50",26,"Male","France",NA,"No","No"
"65","8/27/14 11:50",35,"male","Canada",NA,"No","No"
"66","8/27/14 11:51",40,"Male","United States","CA","No","Yes"
"67","8/27/14 11:51",23,"Female","Australia",NA,"No","Yes"
"68","8/27/14 11:52",36,"M","United States","TX","No","No"
"69","8/27/14 11:52",31,"Female","United States","NM","No","No"
"70","8/27/14 11:52",34,"Male","United States","NY","Yes","No"
"71","8/27/14 11:53",28,"m","France",NA,"No","No"
"72","8/27/14 11:53",34,"male","Canada",NA,"No","No"
"73","8/27/14 11:54",23,"Trans-female","United States","MA","No","No"
"74","8/27/14 11:56",38,"Male","United Kingdom",NA,"No","No"
"75","8/27/14 11:56",33,"Male","United States","CA","No","No"
"76","8/27/14 11:57",19,"Male","United Kingdom",NA,"No","No"
"77","8/27/14 11:57",25,"Male","United States","WA","No","No"
"78","8/27/14 11:57",31,"Male","United States","WA","Yes","Yes"
"79","8/27/14 11:59",32,"Male","United States","UT","No","Yes"
"80","8/27/14 12:00",28,"m","Germany",NA,"No","No"
"81","8/27/14 12:01",38,"Male","United States","NY","No","Yes"
"82","8/27/14 12:02",23,"Male","United Kingdom",NA,"No","No"
"83","8/27/14 12:02",30,"male","Canada",NA,"No","No"
"84","8/27/14 12:03",27,"Cis Female","United States","NY","Yes","No"
"85","8/27/14 12:05",33,"Male","United States","CA","No","Yes"
"86","8/27/14 12:05",31,"Male","United States","TX","No","No"
"87","8/27/14 12:07",39,"Male","United Kingdom",NA,"Yes","No"
"88","8/27/14 12:10",34,"female","United States","OR","No","Yes"
"89","8/27/14 12:11",29,"F","United States","FL","No","No"
"90","8/27/14 12:11",32,"M","United States","IL","No","No"
"91","8/27/14 12:12",31,"Male","United States","NY","No","No"
"92","8/27/14 12:13",40,"male","United States","TX","No","No"
"93","8/27/14 12:14",34,"Male","United States","OH","No","No"
"94","8/27/14 12:15",18,"something kinda male?","Russia",NA,"No","No"
"95","8/27/14 12:15",25,"F","Canada",NA,"No","No"
"96","8/27/14 12:15",29,"male","United States","MN","No","No"
"97","8/27/14 12:16",24,"Male","United States","MO","No","Yes"
"98","8/27/14 12:17",31,"male","Mexico",NA,"No","Yes"
"99","8/27/14 12:18",33,"Cis Male","United States","AZ","No","No"
"100","8/27/14 12:18",30,"M","United States","IN","No","No"
"101","8/27/14 12:18",26,"female","Canada",NA,"No","Yes"
"102","8/27/14 12:18",44,"Female","United States","MA","No","No"
"103","8/27/14 12:19",25,"Male","United States","NY","No","Yes"
"104","8/27/14 12:20",33,"Male","United States","WI","No","Yes"
"105","8/27/14 12:22",29,"Male","United States","NY","No","No"
"106","8/27/14 12:23",35,"Male","United States","MO","No","Yes"
"107","8/27/14 12:23",35,"M","United States","OR","No","Yes"
"108","8/27/14 12:25",28,"Male","Brazil",NA,"No","Yes"
"109","8/27/14 12:28",34,"m","United States","TN","No","Yes"
"110","8/27/14 12:28",32,"Male","United States","WA","No","No"
"111","8/27/14 12:29",22,"Male","United States","NY","No","No"
"112","8/27/14 12:31",28,"Male","United States","CA","No","No"
"113","8/27/14 12:31",45,"male","United States","MO","No","Yes"
"114","8/27/14 12:31",32,"Male","United States","NY","No","No"
"115","8/27/14 12:31",28,"male","United States","TX","No","No"
"116","8/27/14 12:31",26,"Male","United Kingdom",NA,"No","No"
"117","8/27/14 12:31",21,"Male","United Kingdom",NA,"Yes","No"
"118","8/27/14 12:31",27,"Male","Canada",NA,"No","No"
"119","8/27/14 12:31",18,"Male","United States","CT","No","No"
"120","8/27/14 12:32",35,"Male","United States","CO","No","No"
"121","8/27/14 12:32",29,"Male","United States","GA","No","No"
"122","8/27/14 12:33",25,"Male","United States","DC","No","No"
"123","8/27/14 12:33",33,"Male","United States","MN","No","Yes"
"124","8/27/14 12:33",36,"Male","United States","WA","No","No"
"125","8/27/14 12:33",27,"Male","Canada",NA,"No","No"
"126","8/27/14 12:34",27,"Male","United States","WA","No","Yes"
"127","8/27/14 12:34",27,"Male","United Kingdom",NA,"No","No"
"128","8/27/14 12:34",32,"M","United States","OR","No","No"
"129","8/27/14 12:34",31,"Male","United Kingdom",NA,"No","Yes"
"130","8/27/14 12:34",19,"male","Slovenia",NA,"No","No"
"131","8/27/14 12:34",33,"Male","United States","IL","No","Yes"
"132","8/27/14 12:35",32,"male","United States","CA","No","No"
"133","8/27/14 12:36",27,"Male","United States","NE","No","No"
"134","8/27/14 12:36",38,"Male","Costa Rica",NA,"No","No"
"135","8/27/14 12:36",24,"Male","Canada",NA,"No","No"
"136","8/27/14 12:37",39,"M","United Kingdom",NA,"No","No"
"137","8/27/14 12:37",28,"Male","United Kingdom",NA,"No","No"
"138","8/27/14 12:37",39,"Male","United States","IA","No","No"
"139","8/27/14 12:37",29,"Female","United States","MD","No","No"
"140","8/27/14 12:37",22,"m","Austria",NA,"No","No"
"141","8/27/14 12:38",38,"Male","United States","OR","No","Yes"
"142","8/27/14 12:38",37,"Male","United Kingdom",NA,"Yes","No"
"143","8/27/14 12:38",35,"M","United States","TX","No","No"
"144","8/27/14 12:39",-29,"Male","United States","MN","No","No"
"145","8/27/14 12:39",30,"Female","United States","PA","No","Yes"
"146","8/27/14 12:39",37,"Male","United States","IN","No","Yes"
"147","8/27/14 12:39",24,"M","United Kingdom",NA,"No","No"
"148","8/27/14 12:39",23,"Male","United States","WV","No","No"
"149","8/27/14 12:40",30,"male","Ireland",NA,"No","No"
"150","8/27/14 12:40",29,"Female","United States","MI","No","No"
"151","8/27/14 12:40",19,"Male","Canada",NA,"Yes","Yes"
"152","8/27/14 12:40",32,"male","United States","CA","No","Yes"
"153","8/27/14 12:41",28,"male","Poland",NA,"No","No"
"154","8/27/14 12:41",36,"Male","United States","IL","No","No"
"155","8/27/14 12:41",37,"Male","United Kingdom",NA,"No","Yes"
"156","8/27/14 12:42",25,"Male","United States","IL","No","Yes"
"157","8/27/14 12:42",27,"Male","United States","CA","No","Yes"
"158","8/27/14 12:43",26,"male","United States","OK","No","No"
"159","8/27/14 12:43",27,"male","United States","UT","No","No"
"160","8/27/14 12:43",25,"Male","United States","IL","No","Yes"
"161","8/27/14 12:43",36,"Male","United Kingdom",NA,"No","No"
"162","8/27/14 12:44",25,"F","United States","NY","No","Yes"
"163","8/27/14 12:44",31,"M","United States","CA","No","No"
"164","8/27/14 12:45",26,"male","United States","MA","No","Yes"
"165","8/27/14 12:46",33,"F","United States","WA","Yes","Yes"
"166","8/27/14 12:47",27,"Woman","United Kingdom",NA,"Yes","Yes"
"167","8/27/14 12:48",34,"Male","United States","MN","No","No"
"168","8/27/14 12:48",42,"male","United States","CA","No","No"
"169","8/27/14 12:48",23,"male","Ireland",NA,"Yes","Yes"
"170","8/27/14 12:48",24,"Male","United Kingdom",NA,"No","No"
"171","8/27/14 12:48",26,"Male","United Kingdom",NA,"No","No"
"172","8/27/14 12:48",31,"Male","United Kingdom",NA,"Yes","No"
"173","8/27/14 12:49",22,"M","India",NA,"No","No"
"174","8/27/14 12:49",23,"Female","United States","NC","No","No"
"175","8/27/14 12:49",34,"Female","Canada",NA,"No","Yes"
"176","8/27/14 12:49",31,"male","United States","MO","No","No"
"177","8/27/14 12:50",28,"Male","United Kingdom",NA,"No","No"
"178","8/27/14 12:50",32,"Female","United States","MA","No","No"
"179","8/27/14 12:51",45,"F","United States","CA","No","No"
"180","8/27/14 12:51",33,"Male","United States","TX","No","No"
"181","8/27/14 12:51",29,"male","Mexico",NA,"No","No"
"182","8/27/14 12:51",26,"f","India",NA,"Yes","No"
"183","8/27/14 12:51",28,"Female","United Kingdom",NA,"No","No"
"184","8/27/14 12:51",45,"M","United States","CA","No","No"
"185","8/27/14 12:52",43,"Male","United States","WA","No","Yes"
"186","8/27/14 12:52",37,"male","United States","MA","No","No"
"187","8/27/14 12:52",24,"Male","United Kingdom",NA,"No","No"
"188","8/27/14 12:53",26,"Male","France",NA,"No","No"
"189","8/27/14 12:53",23,"male","United Kingdom",NA,"No","Yes"
"190","8/27/14 12:53",35,"Female","United States","CA","No","Yes"
"191","8/27/14 12:53",38,"Female","South Africa",NA,"Yes","Yes"
"192","8/27/14 12:53",28,"Male","United States","MI","No","Yes"
"193","8/27/14 12:54",28,"Male","Russia",NA,"No","No"
"194","8/27/14 12:54",35,"Male","United States","CA","No","No"
"195","8/27/14 12:54",32,"female","Germany",NA,"No","No"
"196","8/27/14 12:54",31,"Mal","Italy",NA,"Yes","Yes"
"197","8/27/14 12:55",35,"Female","United States","NY","No","No"
"198","8/27/14 12:55",26,"Male","United States","CA","No","No"
"199","8/27/14 12:56",27,"Male","United States","TN","No","Yes"
"200","8/27/14 12:56",28,"Male","United Kingdom",NA,"No","Yes"
"201","8/27/14 12:57",27,"Female","United States","OR","No","Yes"
"202","8/27/14 12:57",34,"female","United States","MN","No","No"
"203","8/27/14 12:58",41,"male","United States","FL","No","No"
"204","8/27/14 12:58",37,"Male","Ireland",NA,"No","No"
"205","8/27/14 13:00",34,"male","Austria",NA,"No","Yes"
"206","8/27/14 13:02",32,"Male","United Kingdom",NA,"No","Yes"
"207","8/27/14 13:03",21,"Male","Canada",NA,"No","No"
"208","8/27/14 13:04",30,"M","United States","MA","No","No"
"209","8/27/14 13:04",24,"male","United States","KS","No","No"
"210","8/27/14 13:05",26,"male","Bulgaria",NA,"No","No"
"211","8/27/14 13:06",40,"Female","United States","DC","No","No"
"212","8/27/14 13:06",37,"Male","United Kingdom",NA,"No","Yes"
"213","8/27/14 13:07",26,"Male","United Kingdom",NA,"Yes","No"
"214","8/27/14 13:07",32,"F","United States","TX","No","Yes"
"215","8/27/14 13:07",32,"f","United States","MA","No","No"
"216","8/27/14 13:07",27,"female","United States","MI","Yes","Yes"
"217","8/27/14 13:08",30,"Male","Germany",NA,"Yes","No"
"218","8/27/14 13:09",31,"M","Canada",NA,"Yes","No"
"219","8/27/14 13:09",29,"F","United States","NY","No","No"
"220","8/27/14 13:09",41,"Male (CIS)","United States","VA","No","No"
"221","8/27/14 13:12",34,"female","United States","WA","No","No"
"222","8/27/14 13:12",33,"Male","United Kingdom",NA,"No","No"
"223","8/27/14 13:14",28,"male","United States","PA","No","No"
"224","8/27/14 13:15",28,"Male","United States","MI","No","No"
"225","8/27/14 13:15",23,"Male","United States","PA","No","No"
"226","8/27/14 13:18",24,"M","United States","OR","No","No"
"227","8/27/14 13:18",32,"male","United States","WA","No","No"
"228","8/27/14 13:19",34,"Male","Australia",NA,"Yes","No"
"229","8/27/14 13:21",24,"Male","United States","PA","No","No"
"230","8/27/14 13:22",26,"male","United Kingdom",NA,"Yes","No"
"231","8/27/14 13:22",36,"Male","United States","OH","No","No"
"232","8/27/14 13:23",41,"Male","United States","TX","No","No"
"233","8/27/14 13:24",38,"Male","United Kingdom",NA,"No","No"
"234","8/27/14 13:24",38,"Male","United States","NH","No","No"
"235","8/27/14 13:26",30,"male","Netherlands",NA,"No","No"
"236","8/27/14 13:26",25,"Male","United Kingdom",NA,"No","No"
"237","8/27/14 13:27",37,"Male","Canada",NA,"No","Yes"
"238","8/27/14 13:29",34,"Male","United Kingdom",NA,"No","Yes"
"239","8/27/14 13:29",37,"F","United States","NC","No","Yes"
"240","8/27/14 13:31",28,"Female","Canada",NA,"No","Yes"
"241","8/27/14 13:31",22,"Male","Sweden",NA,"No","No"
"242","8/27/14 13:32",34,"male","United States","FL","No","Yes"
"243","8/27/14 13:32",33,"M","United States","CA","No","Yes"
"244","8/27/14 13:33",25,"Male","South Africa",NA,"No","No"
"245","8/27/14 13:34",27,"Male","United States","GA","No","No"
"246","8/27/14 13:35",40,"M","United States","OH","No","No"
"247","8/27/14 13:35",21,"Male","United States","KY","No","No"
"248","8/27/14 13:37",29,"Male","United Kingdom",NA,"No","No"
"249","8/27/14 13:37",32,"M","United States","NC","No","Yes"
"250","8/27/14 13:38",29,"f","United States","NY","No","Yes"
"251","8/27/14 13:39",23,"Male","United States","AL","No","Yes"
"252","8/27/14 13:40",28,"Male","United States","GA","No","Yes"
"253","8/27/14 13:42",31,"male","United States","CA","No","Yes"
"254","8/27/14 13:44",27,"Male","United Kingdom",NA,"No","No"
"255","8/27/14 13:44",24,"Male","United States","VA","No","No"
"256","8/27/14 13:46",29,"Male","Canada",NA,"No","No"
"257","8/27/14 13:47",23,"Female","United Kingdom",NA,"No","No"
"258","8/27/14 13:47",42,"Male","United States","WA","No","No"
"259","8/27/14 13:48",24,"Male","United Kingdom",NA,"No","No"
"260","8/27/14 13:49",25,"Male","Australia",NA,"No","Yes"
"261","8/27/14 13:49",27,"Female","United States","TX","No","No"
"262","8/27/14 13:52",27,"Male","Canada",NA,"No","No"
"263","8/27/14 13:52",30,"Male","United States","FL","No","No"
"264","8/27/14 13:53",29,"male","Poland",NA,"No","Yes"
"265","8/27/14 13:53",43,"Male","Canada",NA,"Yes","No"
"266","8/27/14 13:53",32,"male","United States","NV","No","No"
"267","8/27/14 13:54",41,"Male","United States","AL","No","No"
"268","8/27/14 13:54",32,"Male","United Kingdom",NA,"Yes","Yes"
"269","8/27/14 13:55",37,"Female","United States","CA","No","Yes"
"270","8/27/14 13:55",32,"Male","United States","CO","No","No"
"271","8/27/14 13:55",30,"Male","Ireland",NA,"Yes","No"
"272","8/27/14 13:56",23,"female","United States","MN","No","Yes"
"273","8/27/14 13:56",30,"Male","United States","NJ","No","No"
"274","8/27/14 13:59",34,"male","United Kingdom",NA,"No","No"
"275","8/27/14 13:59",38,"Male","United States","PA","No","No"
"276","8/27/14 14:01",33,"Male","Canada",NA,"No","No"
"277","8/27/14 14:01",34,"male","United States","MO","No","No"
"278","8/27/14 14:01",28,"male","Colombia",NA,"No","No"
"279","8/27/14 14:03",28,"male","United States","MN","No","No"
"280","8/27/14 14:03",23,"Male","United States","PA","No","Yes"
"281","8/27/14 14:03",22,"Male","Australia",NA,"Yes","Yes"
"282","8/27/14 14:06",27,"male","Portugal",NA,"No","No"
"283","8/27/14 14:10",18,"male","United States","TX","No","No"
"284","8/27/14 14:10",35,"male","United States","NY","No","Yes"
"285","8/27/14 14:10",25,"Male","Canada",NA,"No","No"
"286","8/27/14 14:11",27,"Male","United Kingdom",NA,"No","Yes"
"287","8/27/14 14:11",26,"Female","United States","WA","No","Yes"
"288","8/27/14 14:11",18,"Male","United States","WA","No","No"
"289","8/27/14 14:13",38,"Female","United States","TX","No","No"
"290","8/27/14 14:13",26,"Female","United States","TX","No","Yes"
"291","8/27/14 14:13",30,"Male","Switzerland",NA,"Yes","No"
"292","8/27/14 14:14",35,"male","United States","CA","No","No"
"293","8/27/14 14:15",45,"male","United States","NY","No","Yes"
"294","8/27/14 14:15",32,"Male","United States","CA","No","No"
"295","8/27/14 14:15",56,"Male","United States",NA,"No","No"
"296","8/27/14 14:16",24,"Female","United States","CA","No","No"
"297","8/27/14 14:18",30,"F","United States","SC","No","Yes"
"298","8/27/14 14:18",60,"male","United States","CA","No","No"
"299","8/27/14 14:18",33,"Male","United States","CA","No","Yes"
"300","8/27/14 14:19",37,"M","United States","NY","No","No"
"301","8/27/14 14:19",23,"Female","United States","NY","No","No"
"302","8/27/14 14:20",31,"f","United States","CA","No","No"
"303","8/27/14 14:20",26,"Male","United States","MA","No","No"
"304","8/27/14 14:21",28,"female","United States","WA","No","Yes"
"305","8/27/14 14:21",37,"F","United States","CA","No","No"
"306","8/27/14 14:22",26,"male","Canada",NA,"No","Yes"
"307","8/27/14 14:22",30,"queer/she/they","United States","IL","No","Yes"
"308","8/27/14 14:22",26,"M","United States","IN","No","No"
"309","8/27/14 14:22",25,"Male","United States","OR","No","No"
"310","8/27/14 14:23",27,"Male","United States","TN","No","No"
"311","8/27/14 14:23",25,"Male","Canada",NA,"No","No"
"312","8/27/14 14:24",35,"male","United States","OR","No","No"
"313","8/27/14 14:25",36,"Male","United States","WA","Yes","No"
"314","8/27/14 14:25",26,"Male","United States","CA","No","Yes"
"315","8/27/14 14:26",27,"Male","United States","CA","No","Yes"
"316","8/27/14 14:27",30,"male","United States","VT","No","No"
"317","8/27/14 14:27",29,"M","United States","NY","No","No"
"318","8/27/14 14:27",25,"Male","United States","UT","No","No"
"319","8/27/14 14:27",22,"Female","United States","NY","No","Yes"
"320","8/27/14 14:28",29,"male","Latvia","NY","No","No"
"321","8/27/14 14:28",41,"Male","United States","SD","No","Yes"
"322","8/27/14 14:28",29,"Male","United States","CA","No","No"
"323","8/27/14 14:28",32,"Male","United States","OR","No","No"
"324","8/27/14 14:28",24,"female","United States","CA","No","Yes"
"325","8/27/14 14:29",25,"Male","United States","CA","No","No"
"326","8/27/14 14:30",25,"m","United States","CA","No","No"
"327","8/27/14 14:31",30,"Female","United States","CO","No","No"
"328","8/27/14 14:31",25,"Male","United States","CA","No","Yes"
"329","8/27/14 14:31",30,"Male","United States","OH","Yes","No"
"330","8/27/14 14:32",33,"male","Germany",NA,"Yes","Yes"
"331","8/27/14 14:32",24,"Male","United States","WA","No","No"
"332","8/27/14 14:33",25,"Male","Canada",NA,"No","Yes"
"333","8/27/14 14:34",31,"Male","United States","OH","No","No"
"334","8/27/14 14:37",45,"Male","Ireland",NA,"Yes","No"
"335","8/27/14 14:37",29,"m","Romania",NA,"No","No"
"336","8/27/14 14:37",46,"M","United States","WA","No","No"
"337","8/27/14 14:38",30,"Male","United Kingdom",NA,"No","No"
"338","8/27/14 14:38",29,"F","United States","CA","Yes","No"
"339","8/27/14 14:38",24,"Male","United States","MA","No","No"
"340","8/27/14 14:38",29,"male","United States","WA","No","No"
"341","8/27/14 14:38",35,"Male","United States","MI","No","No"
"342","8/27/14 14:39",33,"f","United States","WA","No","Yes"
"343","8/27/14 14:39",27,"Male","United States","CA","No","No"
"344","8/27/14 14:41",36,"Male","United States","IA","No","No"
"345","8/27/14 14:41",33,"Male","United Kingdom",NA,"No","No"
"346","8/27/14 14:44",25,"F","United States","WA","No","Yes"
"347","8/27/14 14:45",23,"Male","United States","AL","No","Yes"
"348","8/27/14 14:45",54,"M","United States","CA","No","Yes"
"349","8/27/14 14:47",22,"Male","United States","CA","No","No"
"350","8/27/14 14:47",25,"non-binary","United States","CA","No","Yes"
"351","8/27/14 14:49",29,"Male","Belgium",NA,"No","No"
"352","8/27/14 14:49",27,"Male","United States","MA","No","No"
"353","8/27/14 14:51",30,"Male","United Kingdom",NA,"No","No"
"354","8/27/14 14:52",26,"male","United States","CA","No","Yes"
"355","8/27/14 14:52",25,"Female","Sweden",NA,"No","Yes"
"356","8/27/14 14:53",31,"Male","United States","CA","No","No"
"357","8/27/14 14:54",33,"M","United States","IN","No","Yes"
"358","8/27/14 14:54",34,"M","United States","WA","No","Yes"
"359","8/27/14 14:57",34,"Male","United States","WA","No","No"
"360","8/27/14 14:58",29,"M","United States","IN","Yes","No"
"361","8/27/14 14:59",33,"Femake","United States","WA","No","No"
"362","8/27/14 15:03",34,"male","Germany",NA,"Yes","Yes"
"363","8/27/14 15:04",26,"male","United States","OK","Yes","Yes"
"364","8/27/14 15:05",32,"Male","United States","MI","No","Yes"
"365","8/27/14 15:05",329,"Male","United States","OH","No","No"
"366","8/27/14 15:09",28,"Male","United States","GA","No","Yes"
"367","8/27/14 15:11",35,"Male","United States","CA","No","Yes"
"368","8/27/14 15:13",36,"Male","United States",NA,"No","Yes"
"369","8/27/14 15:14",21,"Male","United States","IN","No","Yes"
"370","8/27/14 15:15",21,"Male","United Kingdom",NA,"No","No"
"371","8/27/14 15:15",22,"F","United States","WA","No","No"
"372","8/27/14 15:20",41,"m","United States","WA","No","Yes"
"373","8/27/14 15:21",55,"M","United States","PA","No","Yes"
"374","8/27/14 15:22",32,"F","United States","WA","No","No"
"375","8/27/14 15:22",21,"F","United States","CA","No","Yes"
"376","8/27/14 15:22",45,"M","United States","MA","No","No"
"377","8/27/14 15:22",27,"female","United States","WA","No","No"
"378","8/27/14 15:22",25,"Female","United States","WA","No","Yes"
"379","8/27/14 15:22",34,"woman","United States","NY","No","Yes"
"380","8/27/14 15:23",26,"F","United States","CA","No","Yes"
"381","8/27/14 15:23",41,"Male","Canada",NA,"No","No"
"382","8/27/14 15:23",27,"Male","United States","CA","No","No"
"383","8/27/14 15:23",31,"Make","United States","IN","No","Yes"
"384","8/27/14 15:23",25,"Male","Germany",NA,"No","Yes"
"385","8/27/14 15:23",26,"M","United States","NV","No","No"
"386","8/27/14 15:23",27,"female","United States","CO","No","Yes"
"387","8/27/14 15:23",42,"Male","New Zealand",NA,"No","No"
"388","8/27/14 15:24",29,"Nah","United States","CA","Yes","Yes"
"389","8/27/14 15:24",25,"female","United States","CA","No","No"
"390","8/27/14 15:24",33,"Female","Sweden",NA,"No","Yes"
"391","8/27/14 15:24",99999999999,"All","Zimbabwe",NA,"Yes","Yes"
"392","8/27/14 15:24",40,"female","United States","PA","No","Yes"
"393","8/27/14 15:24",31,"Male","United States","SC","No","No"
"394","8/27/14 15:24",26,"Male","Canada",NA,"No","Yes"
"395","8/27/14 15:24",24,"female","United States","TX","No","Yes"
"396","8/27/14 15:25",29,"Male","United States","TX","No","No"
"397","8/27/14 15:25",48,"M","United Kingdom",NA,"No","No"
"398","8/27/14 15:25",35,"Male","United Kingdom",NA,"No","No"
"399","8/27/14 15:25",32,"female","United States","AL","No","No"
"400","8/27/14 15:25",29,"Male","Canada",NA,"No","No"
"401","8/27/14 15:26",26,"Male","United States","OR","No","Yes"
"402","8/27/14 15:26",28,"Male","United States","NJ","No","Yes"
"403","8/27/14 15:26",23,"male","United States","CA","No","No"
"404","8/27/14 15:26",35,"M","United States","CA","No","Yes"
"405","8/27/14 15:27",29,"male","Germany",NA,"No","Yes"
"406","8/27/14 15:27",26,"Male","United States","CA","No","Yes"
"407","8/27/14 15:27",33,"Male","United States","NH","No","Yes"
"408","8/27/14 15:27",33,"Male","United States","CA","No","No"
"409","8/27/14 15:28",22,"Male","Brazil",NA,"Yes","No"
"410","8/27/14 15:28",30,"female","Spain",NA,"No","Yes"
"411","8/27/14 15:29",33,"male","United States","OH","No","Yes"
"412","8/27/14 15:29",31,"Female","United States","OH","No","Yes"
"413","8/27/14 15:29",21,"male","United States","MA","No","Yes"
"414","8/27/14 15:30",31,"Enby","United Kingdom",NA,"No","Yes"
"415","8/27/14 15:31",26,"F","United States","OK","No","No"
"416","8/27/14 15:31",30,"Male","United States","CA","No","Yes"
"417","8/27/14 15:31",30,"fluid","Germany",NA,"No","Yes"
"418","8/27/14 15:31",23,"Male","India",NA,"No","No"
"419","8/27/14 15:31",34,"Male","Finland",NA,"No","No"
"420","8/27/14 15:31",55,"M","United States","ID","No","Yes"
"421","8/27/14 15:32",28,"male","Germany",NA,"No","Yes"
"422","8/27/14 15:32",26,"M","Uruguay",NA,"No","No"
"423","8/27/14 15:32",28,"Male","New Zealand",NA,"No","Yes"
"424","8/27/14 15:34",32,"Male","United Kingdom",NA,"No","Yes"
"425","8/27/14 15:34",28,"Female","United States","NY","No","No"
"426","8/27/14 15:34",21,"M","United States","CA","No","No"
"427","8/27/14 15:35",24,"Male","United States","TX","No","Yes"
"428","8/27/14 15:35",26,"Female","United States","MD","No","No"
"429","8/27/14 15:35",23,"Male","United States","IN","No","No"
"430","8/27/14 15:36",24,"Female","United States","OR","No","No"
"431","8/27/14 15:36",28,"Male","Canada",NA,"Yes","No"
"432","8/27/14 15:38",24,"F","United States","NY","No","Yes"
"433","8/27/14 15:38",33,"male","United States","MS","Yes","No"
"434","8/27/14 15:38",34,"male","United States","NJ","No","No"
"435","8/27/14 15:38",27,"female","United States","CA","No","No"
"436","8/27/14 15:38",28,"Male","United States","TN","No","No"
"437","8/27/14 15:39",26,"Male","United States","WA","No","No"
"438","8/27/14 15:40",20,"Male","Australia",NA,"No","No"
"439","8/27/14 15:43",23,"female","United States","MA","No","No"
"440","8/27/14 15:43",29,"Male","United States","PA","No","Yes"
"441","8/27/14 15:43",26,"Male","United Kingdom",NA,"No","Yes"
"442","8/27/14 15:43",36,"Male","United States","KY","No","No"
"443","8/27/14 15:44",41,"m","United States","PA","No","No"
"444","8/27/14 15:44",33,"female","United States","MA","No","No"
"445","8/27/14 15:46",23,"M","Canada",NA,"No","Yes"
"446","8/27/14 15:46",39,"Male","United States","CA","No","Yes"
"447","8/27/14 15:47",34,"M","United States","VT","No","Yes"
"448","8/27/14 15:47",26,"F","United States","CA","No","No"
"449","8/27/14 15:50",24,"Male","United States","AZ","No","No"
"450","8/27/14 15:51",37,"Male","Canada",NA,"No","Yes"
"451","8/27/14 15:53",43,"Male","United States","MA","Yes","Yes"
"452","8/27/14 15:53",40,"Genderqueer","United States","VA","No","Yes"
"453","8/27/14 15:54",30,"male","United States","WA","No","Yes"
"454","8/27/14 15:55",34,"M","United States","CA","No","No"
"455","8/27/14 15:55",27,"Male","United States","OR","No","Yes"
"456","8/27/14 15:55",36,"Male","United States","MI","No","No"
"457","8/27/14 15:56",27,"Male","Brazil",NA,"No","No"
"458","8/27/14 15:58",35,"Male","Netherlands",NA,"No","Yes"
"459","8/27/14 15:59",32,"Male","United Kingdom",NA,"No","No"
"460","8/27/14 15:59",37,"M","United States","OR","No","No"
"461","8/27/14 16:00",29,"Male","United Kingdom",NA,"No","No"
"462","8/27/14 16:01",33,"Female ","United States","CA","No","No"
"463","8/27/14 16:01",28,"Make","United States","UT","No","No"
"464","8/27/14 16:02",26,"Female","United States","CA","No","Yes"
"465","8/27/14 16:03",27,"M","United States","TX","No","Yes"
"466","8/27/14 16:04",38,"Male","United Kingdom",NA,"Yes","No"
"467","8/27/14 16:06",57,"M","United States","CA","No","Yes"
"468","8/27/14 16:07",28,"Male","United Kingdom",NA,"No","No"
"469","8/27/14 16:10",26,"male","France",NA,"No","No"
"470","8/27/14 16:11",42,"f","Netherlands",NA,"No","No"
"471","8/27/14 16:13",31,"Male","United States","OR","No","No"
"472","8/27/14 16:13",58,"Male","United States","CA","No","No"
"473","8/27/14 16:13",29,"Male","United States","OH","No","No"
"474","8/27/14 16:14",39,"Female","United Kingdom",NA,"No","No"
"475","8/27/14 16:14",34,"Male","United States","OH","No","No"
"476","8/27/14 16:15",57,"Male","United States","CA","No","No"
"477","8/27/14 16:15",27,"Male","Germany",NA,"No","Yes"
"478","8/27/14 16:16",23,"male","Germany",NA,"Yes","Yes"
"479","8/27/14 16:16",18,"male","Finland",NA,"No","No"
"480","8/27/14 16:17",30,"female","United States","NY","No","No"
"481","8/27/14 16:17",23,"Male","United States","VA","No","No"
"482","8/27/14 16:18",43,"M","United States","CA","No","No"
"483","8/27/14 16:19",18,"Female","United Kingdom",NA,"No","Yes"
"484","8/27/14 16:19",29,"male","United States","IL","No","No"
"485","8/27/14 16:20",48,"M","United States","TX","No","No"
"486","8/27/14 16:20",43,"male","Germany",NA,"No","No"
"487","8/27/14 16:21",28,"Female","United States","NY","No","Yes"
"488","8/27/14 16:21",30,"Male","United States","CA","Yes","Yes"
"489","8/27/14 16:21",26,"Male","Israel","MD","No","No"
"490","8/27/14 16:21",33,"Male","Italy",NA,"No","No"
"491","8/27/14 16:22",31,"Male","United States","CA","No","No"
"492","8/27/14 16:22",30,"M","United States","PA","No","No"
"493","8/27/14 16:23",27,"Male","Israel",NA,"No","No"
"494","8/27/14 16:25",24,"Female","United States","CA","Yes","Yes"
"495","8/27/14 16:26",25,"male","United States","WA","No","No"
"496","8/27/14 16:27",23,"Female","United States","NY","No","Yes"
"497","8/27/14 16:27",36,"m","United States","TX","No","No"
"498","8/27/14 16:28",25,"female","United States","CA","Yes","Yes"
"499","8/27/14 16:28",54,"Male","United Kingdom",NA,"No","No"
"500","8/27/14 16:29",34,"Male","Netherlands",NA,"No","No"
"501","8/27/14 16:29",38,"female","United States","AZ","No","No"
"502","8/27/14 16:31",40,"Male","Ireland",NA,"Yes","Yes"
"503","8/27/14 16:32",32,"male","United Kingdom",NA,"No","No"
"504","8/27/14 16:34",25,"Male","Germany",NA,"No","No"
"505","8/27/14 16:35",35,"Female","United States","OH","No","No"
"506","8/27/14 16:36",46,"male","United States","CA","No","No"
"507","8/27/14 16:39",42,"male","United States","KS","No","No"
"508","8/27/14 16:39",32,"male","United Kingdom",NA,"No","Yes"
"509","8/27/14 16:40",47,"M","United States","CA","No","Yes"
"510","8/27/14 16:42",22,"Male","United States","CA","No","No"
"511","8/27/14 16:42",33,"Female","United States","NY","No","No"
"512","8/27/14 16:47",25,"f","United States","WA","No","No"
"513","8/27/14 16:53",29,"M","United States","CA","No","No"
"514","8/27/14 16:55",39,"Male","United States","WA","No","No"
"515","8/27/14 17:00",38,"male","United States","VA","No","Yes"
"516","8/27/14 17:03",43,"Male","United States","NC","No","No"
"517","8/27/14 17:04",46,"Male","United States","OH","No","No"
"518","8/27/14 17:08",38,"Female","United States","PA","No","Yes"
"519","8/27/14 17:09",33,"Male","Germany",NA,"No","No"
"520","8/27/14 17:10",34,"Male","United Kingdom",NA,"No","Yes"
"521","8/27/14 17:12",62,"M","United States","CA","No","No"
"522","8/27/14 17:14",23,"F","United States","TX","No","No"
"523","8/27/14 17:15",35,"Male","United States","AZ","No","No"
"524","8/27/14 17:19",25,"Male","Bosnia and Herzegovina",NA,"No","Yes"
"525","8/27/14 17:22",36,"M","United States","IL","Yes","Yes"
"526","8/27/14 17:32",41,"Female","United States",NA,"No","Yes"
"527","8/27/14 17:33",24,"male","Austria",NA,"Yes","No"
"528","8/27/14 17:33",51,"Male","New Zealand",NA,"No","No"
"529","8/27/14 17:33",29,"M","United States","NC","No","No"
"530","8/27/14 17:37",31,"Female","Canada",NA,"Yes","Yes"
"531","8/27/14 17:39",27,"Male","United Kingdom",NA,"No","No"
"532","8/27/14 17:41",31,"Male","Australia",NA,"No","No"
"533","8/27/14 17:42",27,"female","Hungary",NA,"Yes","Yes"
"534","8/27/14 17:46",23,"Male","Sweden",NA,"No","No"
"535","8/27/14 17:47",21,"Male","Canada",NA,"No","No"
"536","8/27/14 17:48",27,"Female","Australia",NA,"No","Yes"
"537","8/27/14 17:49",39,"M","United States","WI","No","Yes"
"538","8/27/14 17:49",26,"M","United States","CA","No","Yes"
"539","8/27/14 17:52",27,"Male","United Kingdom",NA,"No","No"
"540","8/27/14 17:56",22,"Female","United States","CA","No","Yes"
"541","8/27/14 18:00",26,"F","United States","MN","No","Yes"
"542","8/27/14 18:02",31,"Female","United States","PA","No","Yes"
"543","8/27/14 18:02",32,"male","United Kingdom",NA,"No","No"
"544","8/27/14 18:12",28,"female","United States","CA","No","Yes"
"545","8/27/14 18:13",28,"Androgyne","United Kingdom",NA,"No","Yes"
"546","8/27/14 18:14",23,"female","United Kingdom",NA,"No","No"
"547","8/27/14 18:16",30,"Male","United Kingdom",NA,"No","No"
"548","8/27/14 18:18",36,"Male","United States","CA","No","Yes"
"549","8/27/14 18:22",21,"M","United States","CA","No","Yes"
"550","8/27/14 18:29",30,"male","Germany",NA,"No","No"
"551","8/27/14 18:39",25,"Woman","United States","CA","No","Yes"
"552","8/27/14 18:41",32,"Male","New Zealand",NA,"No","No"
"553","8/27/14 18:43",29,"female","Canada",NA,"No","No"
"554","8/27/14 18:56",21,"Agender","United Kingdom",NA,"No","No"
"555","8/27/14 18:59",27,"Female","New Zealand",NA,"No","Yes"
"556","8/27/14 19:05",32,"Female","Canada",NA,"No","No"
"557","8/27/14 19:08",34,"M","Australia",NA,"No","No"
"558","8/27/14 19:13",33,"M","United States","NY","No","No"
"559","8/27/14 19:13",22,"Male","Netherlands",NA,"No","Yes"
"560","8/27/14 19:16",24,"M","United States","CA","No","No"
"561","8/27/14 19:17",65,"Male","United States","FL","Yes","No"
"562","8/27/14 19:25",27,"Male","United States","OR","No","Yes"
"563","8/27/14 19:27",33,"Male","Australia",NA,"No","No"
"564","8/27/14 19:28",36,"Male","United States","CO","No","No"
"565","8/27/14 19:34",40,"Male","Canada",NA,"No","No"
"566","8/27/14 19:34",28,"male","United States","GA","No","No"
"567","8/27/14 19:38",39,"Male","United States","OR","No","No"
"568","8/27/14 19:41",32,"Male","United States","CA","No","No"
"569","8/27/14 19:45",31,"male","United States","CA","No","Yes"
"570","8/27/14 19:59",38,"Make","United States","PA","No","Yes"
"571","8/27/14 20:13",23,"Male","United States","CA","No","Yes"
"572","8/27/14 20:17",42,"Make","United States","CA","No","No"
"573","8/27/14 20:33",27,"Female","United States","NY","No","No"
"574","8/27/14 20:48",26,"Female","United States","MA","No","Yes"
"575","8/27/14 20:52",50,"Male","United States",NA,"No","No"
"576","8/27/14 20:52",37,"Male","United States","PA","No","Yes"
"577","8/27/14 20:53",23,"Male","United States","RI","No","No"
"578","8/27/14 20:55",33,"M","United States","MI","No","Yes"
"579","8/27/14 21:05",29,"male","Canada",NA,"Yes","No"
"580","8/27/14 21:15",34,"Male","United States","IL","No","Yes"
"581","8/27/14 21:17",41,"male","United States","CA","No","Yes"
"582","8/27/14 21:21",50,"Male","United States","OR","No","Yes"
"583","8/27/14 21:35",29,"Male","Canada",NA,"No","No"
"584","8/27/14 21:39",35,"Male","United States","IN","No","No"
"585","8/27/14 21:45",27,"Male","Singapore",NA,"No","No"
"586","8/27/14 21:54",40,"Female","United States","MA","No","No"
"587","8/27/14 21:54",27,"Male","Australia",NA,"No","No"
"588","8/27/14 21:55",29,"f","United States","MI","No","No"
"589","8/27/14 22:00",31,"Male","United States","OH","No","Yes"
"590","8/27/14 22:04",43,"Male","United States","OH","No","No"
"591","8/27/14 22:04",34,"Male","United States","NH","No","Yes"
"592","8/27/14 22:06",29,"Male","United States","OH","No","Yes"
"593","8/27/14 22:07",19,"Male","Canada",NA,"No","Yes"
"594","8/27/14 22:11",41,"m","United States","TN","No","Yes"
"595","8/27/14 22:12",29,"Male","United States","OR","No","Yes"
"596","8/27/14 22:13",23,"Male","United States","PA","No","No"
"597","8/27/14 22:14",24,"Female","United States",NA,"No","Yes"
"598","8/27/14 22:14",31,"M","United States","NY","No","No"
"599","8/27/14 22:21",43,"Male","United States","WA","No","No"
"600","8/27/14 22:26",31,"Male","United States","NY","No","Yes"
"601","8/27/14 22:32",29,"Male","United States","CA","No","Yes"
"602","8/27/14 22:35",35,"Male","United States","TN","Yes","Yes"
"603","8/27/14 22:36",33,"Male","United States","WI","No","Yes"
"604","8/27/14 22:55",30,"cis-female/femme","United States","WI","Yes","Yes"
"605","8/27/14 22:59",27,"male","United States","PA","No","No"
"606","8/27/14 23:09",32,"Male","United States","MI","No","No"
"607","8/27/14 23:10",50,"Male","United States","WY","No","No"
"608","8/27/14 23:10",24,"male","United States","KY","No","No"
"609","8/27/14 23:14",27,"Male","United States","NY","No","No"
"610","8/27/14 23:30",27,"Male","Australia",NA,"No","No"
"611","8/27/14 23:54",32,"Male","United States","TX","No","No"
"612","8/27/14 23:56",42,"Male","United States","WI","Yes","No"
"613","8/27/14 23:57",37,"Male","United States","WA","No","No"
"614","8/27/14 23:59",30,"Male","Singapore",NA,"No","No"
"615","8/28/14 00:02",29,"Male","United States","WA","No","No"
"616","8/28/14 00:05",30,"Male","United States","GA","Yes","No"
"617","8/28/14 00:17",35,"Male","United States","MI","No","No"
"618","8/28/14 00:43",35,"Male","United States","MD","No","Yes"
"619","8/28/14 00:47",38,"male","Netherlands",NA,"No","Yes"
"620","8/28/14 01:04",22,"Male","United Kingdom",NA,"No","Yes"
"621","8/28/14 01:14",24,"m","Germany",NA,"No","Yes"
"622","8/28/14 01:19",22,"M","Netherlands",NA,"Yes","No"
"623","8/28/14 01:30",31,"Female","United States","WA","No","No"
"624","8/28/14 01:38",23,"female","United States","CA","No","Yes"
"625","8/28/14 01:41",31,"Female","United States","OR","No","Yes"
"626","8/28/14 01:56",28,"Female","United States","CA","No","Yes"
"627","8/28/14 02:15",37,"Guy (-ish) ^_^","Canada",NA,"No","Yes"
"628","8/28/14 02:17",34,"male","United States","CA","Yes","Yes"
"629","8/28/14 02:19",32,"male leaning androgynous","Canada",NA,"No","No"
"630","8/28/14 02:30",28,"Male","United States","MI","No","Yes"
"631","8/28/14 02:32",24,"Female","United Kingdom",NA,"No","No"
"632","8/28/14 02:41",56,"Male ","United States","MA","No","Yes"
"633","8/28/14 02:46",31,"Male","Germany",NA,"No","No"
"634","8/28/14 02:49",34,"female","United States","CA","No","No"
"635","8/28/14 02:52",35,"m","Germany",NA,"No","No"
"636","8/28/14 02:54",28,"male","Germany",NA,"No","No"
"637","8/28/14 03:05",36,"male","Poland",NA,"Yes","Yes"
"638","8/28/14 03:06",30,"Male","United Kingdom",NA,"No","No"
"639","8/28/14 03:13",35,"Male","United States",NA,"Yes","No"
"640","8/28/14 03:13",49,"male","Japan",NA,"Yes","Yes"
"641","8/28/14 03:15",36,"Male","Germany",NA,"No","No"
"642","8/28/14 03:16",35,"male","Germany",NA,"No","No"
"643","8/28/14 03:29",29,"Female","Australia",NA,"No","Yes"
"644","8/28/14 03:36",57,"Male","United States","CA","No","No"
"645","8/28/14 03:42",31,"female","Belgium",NA,"No","Yes"
"646","8/28/14 03:47",37,"Male","Ireland",NA,"Yes","No"
"647","8/28/14 03:49",25,"Male","Ireland",NA,"No","Yes"
"648","8/28/14 03:52",30,"Male","Australia",NA,"No","No"
"649","8/28/14 04:00",26,"F","Australia",NA,"No","Yes"
"650","8/28/14 04:02",22,"Female","Netherlands",NA,"No","No"
"651","8/28/14 04:07",39,"M","United States","FL","No","No"
"652","8/28/14 04:09",29,"Male","United Kingdom",NA,"No","Yes"
"653","8/28/14 04:11",54,"male","United Kingdom",NA,"Yes","Yes"
"654","8/28/14 04:16",34,"Female","Australia",NA,"No","Yes"
"655","8/28/14 04:23",32,"M","United States","WA","No","No"
"656","8/28/14 04:24",25,"Male","Nigeria",NA,"No","No"
"657","8/28/14 04:30",29,"male","Poland",NA,"No","No"
"658","8/28/14 04:34",32,"male","Germany",NA,"Yes","No"
"659","8/28/14 04:37",30,"M","United Kingdom",NA,"No","Yes"
"660","8/28/14 04:53",31,"male","Germany",NA,"No","No"
"661","8/28/14 05:05",20,"F","Switzerland",NA,"No","No"
"662","8/28/14 05:12",27,"Male","United Kingdom",NA,"No","No"
"663","8/28/14 05:14",32,"Male","United States","CA","No","No"
"664","8/28/14 06:02",26,"Male","Ireland",NA,"Yes","No"
"665","8/28/14 06:05",30,"Male","Italy",NA,"No","No"
"666","8/28/14 06:10",30,"Male","Ireland",NA,"No","No"
"667","8/28/14 06:11",22,"male","India",NA,"Yes","No"
"668","8/28/14 06:27",24,"male","Ireland",NA,"No","No"
"669","8/28/14 06:30",26,"m","Netherlands",NA,"No","No"
"670","8/28/14 07:01",43,"male","France",NA,"No","No"
"671","8/28/14 07:03",26,"Male","Russia",NA,"No","No"
"672","8/28/14 07:03",23,"Male","United States","NC","No","Yes"
"673","8/28/14 07:12",26,"Man","Canada",NA,"No","No"
"674","8/28/14 08:00",26,"female","Israel",NA,"No","Yes"
"675","8/28/14 08:06",35,"Male","Canada",NA,"No","Yes"
"676","8/28/14 08:18",28,"Male","United States","IL","No","No"
"677","8/28/14 08:23",22,"Male","India",NA,"No","No"
"678","8/28/14 08:39",29,"Female","United States","OH","No","Yes"
"679","8/28/14 08:40",29,"Male","Germany",NA,"Yes","No"
"680","8/28/14 08:43",45,"Male","United States","VA","No","No"
"681","8/28/14 08:43",33,"male","Bulgaria",NA,"No","No"
"682","8/28/14 08:43",38,"Male","United States","MN","No","No"
"683","8/28/14 09:02",19,"Trans woman","United States","MO","No","Yes"
"684","8/28/14 09:09",29,"female","Canada",NA,"No","No"
"685","8/28/14 09:16",21,"Female","United Kingdom",NA,"No","No"
"686","8/28/14 09:18",23,"Female","India",NA,"No","Yes"
"687","8/28/14 09:40",33,"female","United States","NC","No","Yes"
"688","8/28/14 09:53",49,"Male","United States","NY","No","Yes"
"689","8/28/14 09:53",28,"Male","United States","NM","No","No"
"690","8/28/14 09:54",27,"f","United Kingdom",NA,"No","No"
"691","8/28/14 09:54",23,"male","Canada",NA,"No","No"
"692","8/28/14 09:54",29,"M","Netherlands",NA,"No","No"
"693","8/28/14 09:54",30,"m","Germany",NA,"No","No"
"694","8/28/14 09:55",28,"Female","Canada",NA,"No","No"
"695","8/28/14 09:56",32,"Male","United Kingdom",NA,"No","No"
"696","8/28/14 09:56",32,"Male","United Kingdom",NA,"No","No"
"697","8/28/14 09:56",37,"Male","France",NA,"No","No"
"698","8/28/14 09:56",39,"F","United States","TX","No","No"
"699","8/28/14 09:56",31,"male","France",NA,"No","No"
"700","8/28/14 09:57",29,"Male","United States","SC","No","No"
"701","8/28/14 09:57",30,"M","United States","FL","No","No"
"702","8/28/14 09:57",33,"M","United States","WA","Yes","Yes"
"703","8/28/14 09:58",37,"male","United States","CA","No","Yes"
"704","8/28/14 09:59",23,"Male","United States","OH","No","No"
"705","8/28/14 09:59",43,"M","United States","TN","No","Yes"
"706","8/28/14 10:00",32,"Male","United Kingdom",NA,"No","No"
"707","8/28/14 10:01",26,"Male","United States","NY","No","No"
"708","8/28/14 10:01",32,"Male","United States","NY","Yes","No"
"709","8/28/14 10:02",37,"F","United States","MO","No","No"
"710","8/28/14 10:02",29,"Male","United States","NY","No","No"
"711","8/28/14 10:02",34,"Male","United Kingdom",NA,"No","No"
"712","8/28/14 10:04",27,"male","France",NA,"No","No"
"713","8/28/14 10:04",30,"male","United States","TN","No","Yes"
"714","8/28/14 10:05",29,"Male","United States","CO","No","No"
"715","8/28/14 10:07",32,"Male","United States","PA","Yes","Yes"
"716","8/28/14 10:07",-1726,"male","United Kingdom",NA,"No","No"
"717","8/28/14 10:08",25,"Male","Germany",NA,"No","No"
"718","8/28/14 10:08",37,"male","United States","NY","Yes","No"
"719","8/28/14 10:10",29,"Male","Netherlands",NA,"No","Yes"
"720","8/28/14 10:11",27,"Man","United States","MN","No","No"
"721","8/28/14 10:13",33,"Male","United Kingdom",NA,"No","No"
"722","8/28/14 10:15",30,"male","Canada",NA,"No","Yes"
"723","8/28/14 10:16",29,"male","Canada",NA,"No","No"
"724","8/28/14 10:17",25,"Male","United States","MO","No","Yes"
"725","8/28/14 10:18",33,"Male","United States","WY","No","Yes"
"726","8/28/14 10:18",31,"Male","South Africa",NA,"No","No"
"727","8/28/14 10:20",21,"male","Germany",NA,"No","No"
"728","8/28/14 10:22",30,"Male","Switzerland",NA,"No","Yes"
"729","8/28/14 10:24",29,"Male","United States","MN","No","No"
"730","8/28/14 10:25",43,"Male","Croatia",NA,"Yes","No"
"731","8/28/14 10:29",37,"m","United Kingdom",NA,"No","No"
"732","8/28/14 10:30",24,"Male","France",NA,"No","No"
"733","8/28/14 10:30",29,"Male","United States","MD","No","No"
"734","8/28/14 10:34",31,"Male","United States","KY","No","No"
"735","8/28/14 10:35",5,"Male","United States","OH","No","No"
"736","8/28/14 10:42",33,"Male","United Kingdom",NA,"Yes","No"
"737","8/28/14 10:45",43,"male","United States","NY","No","No"
"738","8/28/14 10:47",33,"Male","United Kingdom",NA,"No","No"
"739","8/28/14 10:51",27,"Male","United Kingdom",NA,"No","No"
"740","8/28/14 10:52",36,"Male","United States","TN","No","Yes"
"741","8/28/14 10:54",37,"male","Australia",NA,"No","Yes"
"742","8/28/14 10:57",32,"male","Belgium",NA,"No","No"
"743","8/28/14 11:02",39,"Male","United Kingdom",NA,"No","No"
"744","8/28/14 11:04",31,"Male","United States","TX","No","Yes"
"745","8/28/14 11:04",36,"Male","United States","OH","No","No"
"746","8/28/14 11:07",30,"Male","United States","TX","Yes","No"
"747","8/28/14 11:09",28,"male","Canada",NA,"No","No"
"748","8/28/14 11:10",32,"Male","Italy",NA,"No","No"
"749","8/28/14 11:14",35,"Male","United States","CA","No","Yes"
"750","8/28/14 11:15",19,"Male","Canada",NA,"No","No"
"751","8/28/14 11:19",33,"m","Norway",NA,"No","Yes"
"752","8/28/14 11:20",42,"male","Germany",NA,"No","No"
"753","8/28/14 11:21",37,"Male","United States","MI","No","Yes"
"754","8/28/14 11:21",40,"Male","Thailand",NA,"Yes","No"
"755","8/28/14 11:22",36,"M","United States","CA","No","No"
"756","8/28/14 11:26",29,"Female","United States","OR","No","Yes"
"757","8/28/14 11:27",38,"f","United States","NC","No","Yes"
"758","8/28/14 11:29",26,"M","United States","CA","No","Yes"
"759","8/28/14 11:32",34,"male","Germany",NA,"No","No"
"760","8/28/14 11:34",21,"Male","United States","IL","No","No"
"761","8/28/14 11:36",31,"Male","Canada",NA,"Yes","Yes"
"762","8/28/14 11:38",37,"Female","United States","CA","No","Yes"
"763","8/28/14 11:40",37,"Male","Ireland",NA,"No","Yes"
"764","8/28/14 11:44",38,"Male","Ireland",NA,"No","Yes"
"765","8/28/14 11:47",27,"Female","United States","CA","No","No"
"766","8/28/14 11:48",39,"Male","Netherlands",NA,"Yes","No"
"767","8/28/14 11:50",33,"Female","United States","AZ","Yes","Yes"
"768","8/28/14 11:50",27,"Male","United Kingdom",NA,"No","No"
"769","8/28/14 11:54",36,"F","United States","CA","No","No"
"770","8/28/14 11:58",28,"Male","United Kingdom",NA,"No","No"
"771","8/28/14 11:59",39,"male","United Kingdom",NA,"No","No"
"772","8/28/14 12:02",33,"Male","United States","VA","Yes","Yes"
"773","8/28/14 12:05",32,"Male","United Kingdom",NA,"No","No"
"774","8/28/14 12:06",28,"Male","United Kingdom",NA,"No","No"
"775","8/28/14 12:07",37,"Male","United Kingdom",NA,"No","Yes"
"776","8/28/14 12:08",39,"Male","Canada",NA,"No","No"
"777","8/28/14 12:09",43,"msle","United States","VA","No","No"
"778","8/28/14 12:10",32,"Neuter","United Kingdom",NA,"No","No"
"779","8/28/14 12:10",27,"Female","United States","WA","No","No"
"780","8/28/14 12:12",31,"Female","United Kingdom",NA,"No","No"
"781","8/28/14 12:15",43,"Male","United Kingdom",NA,"No","No"
"782","8/28/14 12:19",33,"Male","United States","WI","No","No"
"783","8/28/14 12:19",34,"male","United Kingdom",NA,"No","Yes"
"784","8/28/14 12:22",33,"M","United States","CA","Yes","No"
"785","8/28/14 12:23",25,"Male","United States","CA","No","No"
"786","8/28/14 12:30",25,"Male","United States","NE","No","Yes"
"787","8/28/14 12:40",32,"Male","United Kingdom",NA,"Yes","Yes"
"788","8/28/14 12:42",25,"Male","United States","CO","No","Yes"
"789","8/28/14 12:42",37,"Male","Netherlands",NA,"No","No"
"790","8/28/14 12:44",39,"m","Switzerland",NA,"No","No"
"791","8/28/14 12:53",29,"M","United Kingdom",NA,"No","No"
"792","8/28/14 13:01",33,"Male","United States","NY","No","No"
"793","8/28/14 13:04",37,"female","United States","TX","No","No"
"794","8/28/14 13:08",35,"Female","United States","LA","No","No"
"795","8/28/14 13:11",22,"Female","United States","WA","No","Yes"
"796","8/28/14 13:17",38,"Male","United States","MI","No","No"
"797","8/28/14 13:26",32,"Female","United States","CA","No","Yes"
"798","8/28/14 13:32",28,"Male","Brazil",NA,"No","No"
"799","8/28/14 13:34",27,"Male","Switzerland",NA,"No","Yes"
"800","8/28/14 13:35",35,"female","United States","CA","No","No"
"801","8/28/14 13:39",29,"Male","United States","MD","No","No"
"802","8/28/14 13:39",23,"Male","United States","CA","No","Yes"
"803","8/28/14 13:40",39,"M","United States","CT","No","No"
"804","8/28/14 13:41",30,"Female","United States","CA","No","No"
"805","8/28/14 13:47",32,"M","United Kingdom",NA,"No","No"
"806","8/28/14 13:47",28,"Female (trans)","United States","CA","No","No"
"807","8/28/14 13:48",40,"female","United States","WA","No","Yes"
"808","8/28/14 13:54",36,"f","United States","CA","No","Yes"
"809","8/28/14 13:57",27,"Male","United States","IN","No","No"
"810","8/28/14 14:00",41,"Male","United States","TX","No","Yes"
"811","8/28/14 14:01",29,"Male","United Kingdom",NA,"No","No"
"812","8/28/14 14:02",29,"m","United Kingdom",NA,"No","No"
"813","8/28/14 14:04",35,"Male","United States","MO","No","No"
"814","8/28/14 14:12",28,"Male","United States","NV","No","No"
"815","8/28/14 14:15",36,"F","United Kingdom",NA,"Yes","No"
"816","8/28/14 14:31",39,"Female","United States","WA","No","No"
"817","8/28/14 14:38",39,"Male","United States","FL","No","Yes"
"818","8/28/14 14:41",44,"male","United States",NA,"Yes","Yes"
"819","8/28/14 14:46",26,"queer","Germany",NA,"Yes","No"
"820","8/28/14 14:51",35,"Male","Denmark",NA,"Yes","Yes"
"821","8/28/14 14:52",40,"Female","United States","WA","No","Yes"
"822","8/28/14 14:53",35,"Male","Denmark",NA,"Yes","Yes"
"823","8/28/14 14:53",38,"M","United States","IL","No","No"
"824","8/28/14 14:57",34,"Male","United States","FL","No","No"
"825","8/28/14 15:01",43,"M","United States","MA","No","No"
"826","8/28/14 15:25",48,"Female (cis)","United States","CA","No","Yes"
"827","8/28/14 15:32",20,"Male","United States","WA","No","No"
"828","8/28/14 15:37",40,"M","United States","MI","Yes","No"
"829","8/28/14 15:40",29,"female","United Kingdom",NA,"No","No"
"830","8/28/14 15:43",35,"Male","United States","MI","No","Yes"
"831","8/28/14 15:48",29,"Male","United States","WI","No","Yes"
"832","8/28/14 15:50",40,"M","United States","CA","No","No"
"833","8/28/14 15:50",29,"Male","Sweden",NA,"No","No"
"834","8/28/14 15:54",29,"F","United States","CA","No","Yes"
"835","8/28/14 15:56",34,"male","United States","TX","No","No"
"836","8/28/14 16:09",44,"Male","United Kingdom",NA,"No","Yes"
"837","8/28/14 16:17",24,"female","United States","NY","No","Yes"
"838","8/28/14 16:31",47,"F","United States","PA","No","No"
"839","8/28/14 16:42",43,"m","United Kingdom",NA,"No","Yes"
"840","8/28/14 16:52",36,"M","United States","PA","No","No"
"841","8/28/14 16:52",43,"male","United States","GA","No","No"
"842","8/28/14 16:52",36,"male","United Kingdom",NA,"Yes","No"
"843","8/28/14 16:54",31,"Female","United States","NY","No","Yes"
"844","8/28/14 16:55",35,"Male","United States","CA","No","No"
"845","8/28/14 16:55",33,"male","United States","TN","No","Yes"
"846","8/28/14 16:56",37,"Male","Italy",NA,"No","No"
"847","8/28/14 16:56",34,"M","United States","TN","No","No"
"848","8/28/14 16:56",36,"Male","Netherlands",NA,"Yes","No"
"849","8/28/14 16:57",40,"m","United States","TN","Yes","Yes"
"850","8/28/14 16:57",40,"M","United States","IL","No","No"
"851","8/28/14 16:57",42,"Male","United States","WI","No","No"
"852","8/28/14 16:58",23,"M","United States","KY","No","Yes"
"853","8/28/14 16:58",21,"Male","United Kingdom",NA,"No","Yes"
"854","8/28/14 16:58",26,"Male","Canada",NA,"No","No"
"855","8/28/14 17:01",31,"Male","United States",NA,"No","Yes"
"856","8/28/14 17:01",25,"M","United States","CA","No","Yes"
"857","8/28/14 17:01",51,"Male","United States","MN","No","No"
"858","8/28/14 17:02",24,"Male","United States","TN","No","No"
"859","8/28/14 17:02",33,"Male","United States","MN","No","No"
"860","8/28/14 17:02",32,"male","United Kingdom",NA,"No","Yes"
"861","8/28/14 17:02",32,"male","United Kingdom",NA,"No","Yes"
"862","8/28/14 17:03",26,"Male","United Kingdom",NA,"Yes","No"
"863","8/28/14 17:07",23,"M","United States","IL","No","No"
"864","8/28/14 17:07",33,"Male","United States","TN","No","Yes"
"865","8/28/14 17:07",46,"Male","United States","IL","No","No"
"866","8/28/14 17:08",34,"male","United Kingdom",NA,"No","No"
"867","8/28/14 17:09",35,"M","United States","DC","No","Yes"
"868","8/28/14 17:10",39,"M","United States","KS","No","No"
"869","8/28/14 17:10",32,"male","Germany",NA,"Yes","No"
"870","8/28/14 17:10",43,"Male","Mexico",NA,"Yes","No"
"871","8/28/14 17:11",56,"m","United States","CA","No","No"
"872","8/28/14 17:12",32,"Female","United Kingdom",NA,"No","Yes"
"873","8/28/14 17:14",41,"male","United Kingdom",NA,"No","No"
"874","8/28/14 17:16",39,"Male","United States","TN","No","No"
"875","8/28/14 17:19",37,"Male","United States","OK","No","Yes"
"876","8/28/14 17:19",30,"m","United States","CA","Yes","Yes"
"877","8/28/14 17:19",31,"Male","United States","TN","No","No"
"878","8/28/14 17:20",29,"M","United States","TX","No","No"
"879","8/28/14 17:20",23,"Female","United Kingdom",NA,"No","Yes"
"880","8/28/14 17:21",31,"male","United States","CO","No","No"
"881","8/28/14 17:21",29,"Male","United States","TN","No","Yes"
"882","8/28/14 17:22",30,"Mail","United States","GA","No","No"
"883","8/28/14 17:22",37,"Male","United States","TN","No","No"
"884","8/28/14 17:23",36,"male","United States","VA","Yes","No"
"885","8/28/14 17:27",35,"Male","United States","TN","No","Yes"
"886","8/28/14 17:27",41,"M","United States","DC","No","Yes"
"887","8/28/14 17:28",31,"Male","United Kingdom",NA,"No","No"
"888","8/28/14 17:28",38,"m","United Kingdom",NA,"No","Yes"
"889","8/28/14 17:31",26,"Male","India",NA,"Yes","No"
"890","8/28/14 17:33",39,"Male","United States","TN","No","Yes"
"891","8/28/14 17:33",42,"male","United States","VA","Yes","Yes"
"892","8/28/14 17:34",32,"Male","United States","TN","Yes","Yes"
"893","8/28/14 17:35",29,"m","United States","TN","No","Yes"
"894","8/28/14 17:36",30,"Male","United States","TN","No","Yes"
"895","8/28/14 17:39",40,"M","United States","TN","No","Yes"
"896","8/28/14 17:45",51,"m","United States","TN","No","No"
"897","8/28/14 17:46",33,"Male","United States","IN","No","No"
"898","8/28/14 17:47",34,"male","Germany",NA,"Yes","No"
"899","8/28/14 17:47",50,"Male","United States","VA","Yes","No"
"900","8/28/14 17:50",24,"Male","United States","TX","No","No"
"901","8/28/14 17:56",25,"Male","United States","TX","No","Yes"
"902","8/28/14 17:57",43,"Male","United Kingdom",NA,"No","Yes"
"903","8/28/14 17:57",25,"f","United States","CA","Yes","No"
"904","8/28/14 17:59",24,"Male","United Kingdom",NA,"Yes","No"
"905","8/28/14 17:59",51,"m","United States","CO","Yes","No"
"906","8/28/14 17:59",49,"Male","United States","OR","No","Yes"
"907","8/28/14 18:01",30,"Male","United States","OK","No","No"
"908","8/28/14 18:02",25,"female","United States","OH","No","Yes"
"909","8/28/14 18:07",36,"Male","United States","TN","No","No"
"910","8/28/14 18:17",48,"Male","United States","VA","No","No"
"911","8/28/14 18:18",48,"male","Australia",NA,"No","No"
"912","8/28/14 18:21",53,"Male","United States","OR","No","No"
"913","8/28/14 18:21",24,"Female","United Kingdom",NA,"No","Yes"
"914","8/28/14 18:26",33,"Male","United States","OR","No","Yes"
"915","8/28/14 18:50",25,"Female","Canada",NA,"No","Yes"
"916","8/28/14 19:03",30,"Male","United Kingdom",NA,"No","No"
"917","8/28/14 19:04",30,"Male","United States","PA","Yes","No"
"918","8/28/14 19:15",34,"male","United Kingdom",NA,"Yes","No"
"919","8/28/14 19:26",31,"Male","United States","SC","No","No"
"920","8/28/14 19:28",22,"F","United States","CA","No","Yes"
"921","8/28/14 19:35",28,"Male","United States","TN","No","Yes"
"922","8/28/14 20:12",35,"Male","United States","UT","No","Yes"
"923","8/28/14 20:31",28,"Male","United States","CA","No","Yes"
"924","8/28/14 20:49",42,"male","New Zealand",NA,"No","No"
"925","8/28/14 21:22",33,"Male","United States","MO","No","Yes"
"926","8/28/14 21:24",29,"male","United States","CA","No","No"
"927","8/28/14 21:27",43,"M","United States",NA,"No","Yes"
"928","8/28/14 21:30",29,"Male","United States","NY","No","No"
"929","8/28/14 21:33",25,"Male","United States","TX","No","No"
"930","8/28/14 21:38",31,"Male","United States","MO","No","Yes"
"931","8/28/14 21:41",35,"Female","United States","GA","No","Yes"
"932","8/28/14 21:47",34,"male","United States","TX","No","No"
"933","8/28/14 22:16",43,"Cis Male","United States","WA","No","No"
"934","8/28/14 22:17",38,"Male","United States","WA","No","Yes"
"935","8/28/14 22:18",26,"Male","United States","WA","No","Yes"
"936","8/28/14 22:20",38,"Male","United Kingdom",NA,"Yes","Yes"
"937","8/28/14 22:22",42,"Male","United States","TX","No","No"
"938","8/28/14 22:23",33,"Male","Netherlands",NA,"No","Yes"
"939","8/28/14 22:35",32,"Male","United States","WA","No","No"
"940","8/28/14 22:39",44,"male","United States","WA","No","Yes"
"941","8/28/14 22:46",28,"Male","United States","WA","No","Yes"
"942","8/28/14 23:03",40,"Male","United States","WA","No","Yes"
"943","8/28/14 23:13",31,"F","United States","AZ","No","Yes"
"944","8/28/14 23:16",32,"male","United States","WA","No","Yes"
"945","8/28/14 23:57",28,"Male","United States","WA","No","Yes"
"946","8/29/14 00:05",39,"Male","United States","AZ","No","Yes"
"947","8/29/14 00:06",45,"Male","United States","NY","No","No"
"948","8/29/14 00:11",43,"Male","United States","WA","No","No"
"949","8/29/14 00:41",35,"Male","United States","CA","No","No"
"950","8/29/14 00:43",40,"Male","United States","WA","No","Yes"
"951","8/29/14 00:47",34,"Male","Netherlands",NA,"No","No"
"952","8/29/14 01:14",24,"Male","United Kingdom",NA,"No","Yes"
"953","8/29/14 01:20",61,"male","South Africa",NA,"Yes","No"
"954","8/29/14 01:40",36,"Female ","United States","WA","No","Yes"
"955","8/29/14 02:10",38,"Male","United States","TN","No","No"
"956","8/29/14 02:24",33,"male","Germany",NA,"No","Yes"
"957","8/29/14 03:02",30,"male","United States","WA","No","Yes"
"958","8/29/14 03:02",34,"male","Netherlands",NA,"Yes","Yes"
"959","8/29/14 03:08",26,"Male","United States","CA","No","No"
"960","8/29/14 04:39",33,"M","United Kingdom",NA,"No","No"
"961","8/29/14 04:53",32,"Male","United Kingdom",NA,"No","No"
"962","8/29/14 05:15",25,"male","Germany",NA,"Yes","No"
"963","8/29/14 05:24",35,"male","Germany",NA,"Yes","No"
"964","8/29/14 05:39",24,"M","United Kingdom",NA,"Yes","Yes"
"965","8/29/14 05:47",55,"male","United Kingdom",NA,"No","No"
"966","8/29/14 05:54",33,"Male","United Kingdom",NA,"Yes","Yes"
"967","8/29/14 05:57",26,"Female","United Kingdom",NA,"Yes","Yes"
"968","8/29/14 06:06",25,"Male","United Kingdom",NA,"No","No"
"969","8/29/14 06:37",45,"Male","United Kingdom",NA,"No","Yes"
"970","8/29/14 06:42",33,"female","United Kingdom",NA,"Yes","No"
"971","8/29/14 07:12",43,"Male","United States","MI","No","No"
"972","8/29/14 07:21",30,"Male","United Kingdom",NA,"Yes","No"
"973","8/29/14 07:28",40,"Male","United States","IN","No","Yes"
"974","8/29/14 07:51",49,"Male","United States","GA","No","Yes"
"975","8/29/14 08:26",29,"Male","Germany",NA,"No","No"
"976","8/29/14 08:36",26,"male","Germany",NA,"No","No"
"977","8/29/14 08:46",38,"cis male","United States","WA","No","No"
"978","8/29/14 08:53",27,"Male","France",NA,"No","Yes"
"979","8/29/14 08:54",26,"male","Belgium",NA,"No","No"
"980","8/29/14 08:57",28,"Male","United Kingdom",NA,"No","Yes"
"981","8/29/14 08:57",40,"Male","United States","ME","No","Yes"
"982","8/29/14 08:59",37,"Female","Canada",NA,"Yes","Yes"
"983","8/29/14 08:59",34,"female","United Kingdom",NA,"No","Yes"
"984","8/29/14 09:01",28,"male","United States","NY","No","Yes"
"985","8/29/14 09:01",27,"Male","Canada",NA,"No","No"
"986","8/29/14 09:02",29,"Male","United Kingdom",NA,"No","No"
"987","8/29/14 09:02",39,"Female","United Kingdom",NA,"No","Yes"
"988","8/29/14 09:03",28,"male","United Kingdom",NA,"No","No"
"989","8/29/14 09:10",23,"Male","United States","PA","No","Yes"
"990","8/29/14 09:10",8,"A little about you","Bahamas, The","IL","Yes","Yes"
"991","8/29/14 09:12",38,"Male","United Kingdom",NA,"No","No"
"992","8/29/14 09:13",19,"Male","United Kingdom",NA,"No","No"
"993","8/29/14 09:14",30,"Female","United States","IL","No","Yes"
"994","8/29/14 09:15",28,"male","United Kingdom",NA,"Yes","No"
"995","8/29/14 09:15",20,"Male","India",NA,"No","No"
"996","8/29/14 09:19",35,"Male","United Kingdom",NA,"Yes","No"
"997","8/29/14 09:24",39,"male","United States","MN","No","No"
"998","8/29/14 09:23",31,"Female","United States","TX","No","Yes"
"999","8/29/14 09:23",32,"Male","United Kingdom",NA,"No","No"
"1000","8/29/14 09:27",27,"Male","Sweden",NA,"No","No"
"1001","8/29/14 09:29",25,"Male","United States","PA","No","Yes"
"1002","8/29/14 09:31",42,"male","United States","IN","No","Yes"
"1003","8/29/14 09:31",34,"male","United States","PA","No","Yes"
"1004","8/29/14 09:33",26,"female","United States","OH","No","No"
"1005","8/29/14 09:35",35,"Male","United Kingdom",NA,"No","Yes"
"1006","8/29/14 09:36",34,"Male","United Kingdom",NA,"No","No"
"1007","8/29/14 09:36",38,"m","United States","PA","No","Yes"
"1008","8/29/14 09:40",34,"M","United States","SD","No","No"
"1009","8/29/14 09:42",39,"M","United States","IN","No","Yes"
"1010","8/29/14 09:46",44,"F","United States","CA","No","No"
"1011","8/29/14 09:47",40,"male","United States","TN","No","No"
"1012","8/29/14 09:47",33,"female","United States","TX","Yes","No"
"1013","8/29/14 09:51",24,"Female","United States","TN","No","Yes"
"1014","8/29/14 09:53",38,"Female","United States","OR","No","Yes"
"1015","8/29/14 09:53",31,"male","United States","SD","No","No"
"1016","8/29/14 09:54",23,"Male","Israel",NA,"No","No"
"1017","8/29/14 09:54",26,"F","United States","NY","No","No"
"1018","8/29/14 09:58",46,"Female (trans)","United States","CT","No","No"
"1019","8/29/14 09:59",30,"Male","United States","CA","No","Yes"
"1020","8/29/14 10:03",25,"Male","United States",NA,"No","No"
"1021","8/29/14 10:05",19,"M","Canada",NA,"No","No"
"1022","8/29/14 10:06",30,"Female","United States","GA","No","Yes"
"1023","8/29/14 10:12",32,"m","United States","TN","No","No"
"1024","8/29/14 10:13",32,"Male","United Kingdom",NA,"No","No"
"1025","8/29/14 10:13",37,"Male","United States","IN","No","Yes"
"1026","8/29/14 10:16",42,"M","United States","CA","No","Yes"
"1027","8/29/14 10:27",25,"female","United States","OR","No","No"
"1028","8/29/14 10:30",19,"Male","United States","IN","No","No"
"1029","8/29/14 10:32",40,"female","United States","GA","No","Yes"
"1030","8/29/14 10:33",34,"Male","United States","IN","No","No"
"1031","8/29/14 10:38",26,"Male","United States","MN","No","Yes"
"1032","8/29/14 10:38",31,"Male","United States","MN","No","Yes"
"1033","8/29/14 10:55",40,"Male","United States","NC","No","Yes"
"1034","8/29/14 10:59",31,"Female","United States","FL","No","Yes"
"1035","8/29/14 11:01",36,"M","United States","MN","No","No"
"1036","8/29/14 11:02",35,"Male","Canada",NA,"No","Yes"
"1037","8/29/14 11:04",26,"male","Australia",NA,"No","Yes"
"1038","8/29/14 11:05",44,"m","United States","MO","No","No"
"1039","8/29/14 11:11",34,"Female","United States","CA","No","No"
"1040","8/29/14 11:12",35,"Male","United States","OR","No","No"
"1041","8/29/14 11:19",28,"female","United States","OH","No","Yes"
"1042","8/29/14 11:20",33,"Male","United States","NY","No","No"
"1043","8/29/14 11:20",40,"M","United States","WI","No","Yes"
"1044","8/29/14 11:20",26,"Male","United States","WA","No","No"
"1045","8/29/14 11:22",29,"f","United Kingdom",NA,"No","No"
"1046","8/29/14 11:23",26,"Female","Canada",NA,"No","Yes"
"1047","8/29/14 11:24",33,"Malr","Italy",NA,"No","Yes"
"1048","8/29/14 11:25",28,"Male","Brazil",NA,"No","Yes"
"1049","8/29/14 11:27",41,"Male","United States","IL","Yes","No"
"1050","8/29/14 11:32",39,"Male","United Kingdom",NA,"Yes","Yes"
"1051","8/29/14 11:32",26,"female","United States","WA","No","Yes"
"1052","8/29/14 11:33",23,"Female","United States","IL","No","Yes"
"1053","8/29/14 11:34",35,"Male","Switzerland",NA,"No","Yes"
"1054","8/29/14 11:36",36,"Male","United States","FL","No","No"
"1055","8/29/14 11:39",42,"M","United States","TN","No","No"
"1056","8/29/14 11:40",39,"Male","United States","WA","No","Yes"
"1057","8/29/14 11:43",27,"Male","United States","CA","No","No"
"1058","8/29/14 11:44",33,"male","United States","FL","Yes","No"
"1059","8/29/14 11:46",31,"Male ","Canada",NA,"No","Yes"
"1060","8/29/14 11:53",28,"Female","United States","OR","No","No"
"1061","8/29/14 11:54",29,"Female","United States","NJ","No","No"
"1062","8/29/14 11:56",27,"Male","United States","CA","No","No"
"1063","8/29/14 12:00",44,"M","United States","FL","Yes","No"
"1064","8/29/14 12:08",25,"Male","United States","UT","No","No"
"1065","8/29/14 12:15",24,"male","Germany",NA,"No","Yes"
"1066","8/29/14 12:20",25,"Male","South Africa",NA,"No","Yes"
"1067","8/29/14 12:26",34,"M","United States","NJ","No","No"
"1068","8/29/14 12:27",26,"Male","United States","PA","No","No"
"1069","8/29/14 12:45",48,"Male","United States","IN","No","No"
"1070","8/29/14 12:48",34,"Male","Greece",NA,"No","No"
"1071","8/29/14 12:54",39,"Female","United States","OH","No","No"
"1072","8/29/14 13:17",43,"Male","United States","OH","No","No"
"1073","8/29/14 13:23",41,"M","United States","IL","No","No"
"1074","8/29/14 13:58",25,"Male","United States","IN","No","No"
"1075","8/29/14 14:04",31,"m","United States","CA","No","No"
"1076","8/29/14 14:09",40,"Male","United States","WA","No","Yes"
"1077","8/29/14 14:31",43,"Male","United States","VA","Yes","Yes"
"1078","8/29/14 14:51",27,"Female","United States","WA","No","Yes"
"1079","8/29/14 14:59",37,"female","United States","NJ","No","Yes"
"1080","8/29/14 15:10",32,"male","Netherlands",NA,"Yes","No"
"1081","8/29/14 15:59",25,"Male","United States","UT","No","Yes"
"1082","8/29/14 16:07",29,"Male","Netherlands",NA,"No","Yes"
"1083","8/29/14 16:17",30,"Female","United States","TN","No","Yes"
"1084","8/29/14 16:21",34,"female","Canada",NA,"No","Yes"
"1085","8/29/14 16:30",32,"male","United Kingdom",NA,"No","Yes"
"1086","8/29/14 16:50",37,"male","Germany",NA,"No","No"
"1087","8/29/14 16:51",41,"male","Germany",NA,"No","No"
"1088","8/29/14 16:56",38,"male","United States","IN","No","Yes"
"1089","8/29/14 17:04",32,"Male","United States","IN","No","No"
"1090","8/29/14 17:04",28,"Female","United States","CA","No","Yes"
"1091","8/29/14 17:26",11,"male","United States","OH","Yes","No"
"1092","8/29/14 17:32",43,"male","United States","TX","No","Yes"
"1093","8/29/14 17:35",32,"Male","United States","TN","No","Yes"
"1094","8/29/14 17:54",25,"M","United States","WA","No","No"
"1095","8/29/14 18:33",37,"Male","United States","UT","No","No"
"1096","8/29/14 18:39",36,"male","United States","AL","Yes","No"
"1097","8/29/14 19:32",24,"Male","United States","WI","No","Yes"
"1098","8/29/14 19:34",40,"male","United States","WA","No","Yes"
"1099","8/29/14 20:53",29,"Male","United States","WI","No","No"
"1100","8/29/14 20:53",43,"Male","United States","NY","No","No"
"1101","8/29/14 21:26",29,"Male","United States","NY","No","No"
"1102","8/29/14 21:28",26,"Male","United States","OH","No","Yes"
"1103","8/29/14 21:40",33,"Female","Canada",NA,"Yes","Yes"
"1104","8/29/14 22:08",35,"Female","United States","WA","No","Yes"
"1105","8/29/14 23:51",45,"M","United States","CA","No","No"
"1106","8/30/14 00:09",25,"Male","United States","SC","No","No"
"1107","8/30/14 03:55",50,"male","France",NA,"Yes","No"
"1108","8/30/14 05:05",26,"male","Australia",NA,"No","Yes"
"1109","8/30/14 05:47",33,"female","United States","CA","No","No"
"1110","8/30/14 06:48",30,"Male","India",NA,"No","No"
"1111","8/30/14 07:31",33,"male","Croatia",NA,"No","Yes"
"1112","8/30/14 11:48",29,"M","France",NA,"No","No"
"1113","8/30/14 12:35",37,"male","Germany",NA,"No","No"
"1114","8/30/14 13:23",25,"Male","United States","MN","No","Yes"
"1115","8/30/14 13:48",40,"m","United States","WA","No","No"
"1116","8/30/14 13:55",24,"Male","Canada",NA,"No","No"
"1117","8/30/14 14:00",40,"Male","United Kingdom",NA,"No","No"
"1118","8/30/14 15:57",46,"Male","United States","PA","No","Yes"
"1119","8/30/14 16:13",38,"Male","United States","NY","No","Yes"
"1120","8/30/14 16:38",34,"Male","United States","VT","No","No"
"1121","8/30/14 18:29",32,"Male","United Kingdom",NA,"Yes","No"
"1122","8/30/14 19:35",44,"Male","United Kingdom",NA,"No","No"
"1123","8/30/14 19:56",33,"Female","United Kingdom",NA,"No","No"
"1124","8/30/14 20:12",45,"female","United States","MI","No","No"
"1125","8/30/14 20:19",35,"Male","United States","NY","No","No"
"1126","8/30/14 20:43",26,"Male","Germany",NA,"Yes","Yes"
"1127","8/30/14 20:46",20,"female","United States","NY","No","No"
"1128","8/30/14 20:55",-1,"p","United States","AL","Yes","Yes"
"1129","8/31/14 04:31",37,"Male","Netherlands",NA,"No","Yes"
"1130","8/31/14 09:19",28,"male","United States","MI","No","No"
"1131","8/31/14 15:03",42,"F","United States","WA","No","Yes"
"1132","8/31/14 15:23",32,"male","United Kingdom",NA,"No","No"
"1133","8/31/14 16:48",36,"F","United States","TN","No","Yes"
"1134","8/31/14 22:11",27,"M","New Zealand",NA,"No","No"
"1135","8/31/14 22:16",27,"M","New Zealand",NA,"No","No"
"1136","9/1/14 04:28",27,"Male","United Kingdom",NA,"No","No"
"1137","9/1/14 06:52",25,"Male","United Kingdom",NA,"No","Yes"
"1138","9/1/14 06:53",41,"M","United Kingdom",NA,"No","Yes"
"1139","9/1/14 08:19",23,"Male","Germany",NA,"No","Yes"
"1140","9/1/14 08:23",21,"Male","United Kingdom",NA,"No","No"
"1141","9/1/14 09:12",26,"Male","Moldova",NA,"No","No"
"1142","9/1/14 09:15",29,"Male","Sweden",NA,"No","No"
"1143","9/1/14 10:06",28,"male","Belgium",NA,"No","No"
"1144","9/1/14 10:40",27,"female","United Kingdom",NA,"No","Yes"
"1145","9/1/14 12:00",23,"Male","Israel",NA,"No","No"
"1146","9/1/14 12:45",26,"F","United States","NY","No","Yes"
"1147","9/1/14 17:59",38,"Male","United Kingdom",NA,"No","Yes"
"1148","9/1/14 21:03",39,"M","United Kingdom",NA,"No","Yes"
"1149","9/1/14 21:34",35,"M","United States","IN","No","Yes"
"1150","9/1/14 22:58",32,"male","United States","NC","No","No"
"1151","9/2/14 03:13",32,"Male","United States","CA","No","No"
"1152","9/2/14 04:00",26,"Male","United Kingdom",NA,"No","No"
"1153","9/2/14 08:00",38,"Male","Canada",NA,"No","Yes"
"1154","9/2/14 08:24",34,"Female","United Kingdom",NA,"No","Yes"
"1155","9/2/14 09:57",39,"Male","United States","TN","No","Yes"
"1156","9/2/14 13:18",32,"male","Canada",NA,"Yes","No"
"1157","9/2/14 17:04",37,"Male","Netherlands",NA,"Yes","No"
"1158","9/2/14 20:23",31,"male","United Kingdom",NA,"No","Yes"
"1159","9/2/14 20:57",30,"m","United States","MN","No","Yes"
"1160","9/3/14 01:32",51,"M","Singapore",NA,"No","No"
"1161","9/3/14 13:09",29,"M","United States","NC","No","No"
"1162","9/4/14 06:23",31,"Male","United Kingdom",NA,"No","No"
"1163","9/4/14 08:35",31,"Male","India",NA,"No","No"
"1164","9/4/14 17:38",26,"Male","United States","TX","No","Yes"
"1165","9/4/14 23:42",46,"Female","United States","CA","No","No"
"1166","9/5/14 14:15",32,"Male","United States","CA","No","Yes"
"1167","9/5/14 14:19",29,"Male","United States","IL","No","Yes"
"1168","9/8/14 00:52",34,"male","Poland",NA,"No","No"
"1169","9/8/14 16:46",26,"Male","Colombia",NA,"No","No"
"1170","9/8/14 21:30",32,"Female","United States","PA","No","No"
"1171","9/9/14 13:49",29,"Male","United States","IL","No","No"
"1172","9/11/14 17:00",30,"Male","United States","IL","No","No"
"1173","9/12/14 19:18",40,"F","United States","MN","No","Yes"
"1174","9/13/14 07:52",23,"Male","United Kingdom",NA,"No","No"
"1175","9/14/14 09:04",20,"Male","Georgia",NA,"No","No"
"1176","9/14/14 20:50",38,"male","United States","NY","No","Yes"
"1177","9/20/14 13:51",26,"Female","United States","MI","No","Yes"
"1178","9/23/14 20:05",29,"Male","United States","OH","No","No"
"1179","9/26/14 08:45",40,"m","China",NA,"Yes","No"
"1180","9/26/14 10:05",25,"female","Bulgaria","UT","No","No"
"1181","9/26/14 21:25",32,"Woman","United States","NY","No","No"
"1182","9/30/14 09:19",38,"male","United States","CA","No","Yes"
"1183","10/2/14 21:25",72,"Female","United States","IN","No","Yes"
"1184","10/5/14 21:16",35,"female","United States","IN","No","Yes"
"1185","10/9/14 11:14",28,"F","United States","VA","No","No"
"1186","11/5/14 10:08",27,"femail","United States","OK","No","No"
"1187","11/6/14 11:24",56,"female","United States","OR","Yes","No"
"1188","11/16/14 08:42",38,"Male","United States","AL","No","Yes"
"1189","12/1/14 09:58",31,"Female","Belgium",NA,"No","No"
"1190","12/15/14 00:43",40,"Male","United States","AL","No","Yes"
"1191","1/3/15 03:38",44,"M","United States","OH","No","Yes"
"1192","2/21/15 04:16",34,"Male","Canada",NA,"No","Yes"
"1193","2/21/15 04:16",37,"Male","United Kingdom",NA,"No","No"
"1194","2/21/15 04:18",38,"male","Italy",NA,"No","No"
"1195","2/21/15 04:19",27,"male","Germany",NA,"No","No"
"1196","2/21/15 04:23",34,"female","Ireland",NA,"No","No"
"1197","2/21/15 04:32",35,"Female","Ireland",NA,"No","No"
"1198","2/21/15 04:34",34,"male","Ireland",NA,"No","No"
"1199","2/21/15 04:41",32,"Male","United States","TX","No","No"
"1200","2/21/15 04:51",25,"male","Ireland",NA,"No","No"
"1201","2/21/15 04:55",28,"Male","Australia",NA,"No","No"
"1202","2/21/15 05:11",28,"Female","United States","TX","No","No"
"1203","2/21/15 05:34",31,"Male","Brazil",NA,"Yes","No"
"1204","2/21/15 05:55",24,"Male","United Kingdom",NA,"No","No"
"1205","2/21/15 05:55",34,"Male","Ireland",NA,"No","Yes"
"1206","2/21/15 06:06",32,"male","Ireland",NA,"No","No"
"1207","2/21/15 06:19",34,"Male","United Kingdom",NA,"No","Yes"
"1208","2/21/15 08:21",23,"Male","United States","TX","No","No"
"1209","2/21/15 08:54",33,"Male","Czech Republic",NA,"No","Yes"
"1210","2/21/15 08:56",29,"male","Singapore",NA,"No","Yes"
"1211","2/21/15 09:10",24,"male","Ireland",NA,"No","Yes"
"1212","2/21/15 09:16",45,"male","Ireland",NA,"No","No"
"1213","2/21/15 09:18",34,"Female","United Kingdom",NA,"No","No"
"1214","2/21/15 09:19",31,"Male","Philippines",NA,"No","No"
"1215","2/21/15 09:22",33,"Male","United States","FL","No","No"
"1216","2/21/15 09:29",28,"male","Netherlands",NA,"No","No"
"1217","2/21/15 09:30",27,"Male","United Kingdom",NA,"No","No"
"1218","2/21/15 09:30",42,"male","Ireland",NA,"No","No"
"1219","2/21/15 09:33",28,"male","Netherlands",NA,"No","No"
"1220","2/21/15 09:48",38,"Male","United States","TX","No","No"
"1221","2/21/15 10:00",46,"Male","United States","CA","No","Yes"
"1222","2/21/15 10:45",46,"male","United States","MD","No","Yes"
"1223","2/21/15 11:48",41,"female","Netherlands",NA,"Yes","No"
"1224","2/21/15 11:55",23,"Male ","United Kingdom",NA,"No","No"
"1225","2/21/15 13:19",24,"male","Ireland",NA,"No","Yes"
"1226","2/21/15 15:28",23,"female","Ireland",NA,"No","No"
"1227","2/21/15 17:19",39,"Male","Netherlands",NA,"No","No"
"1228","2/21/15 18:54",32,"Female","Ireland",NA,"No","Yes"
"1229","2/21/15 18:59",25,"Male","United States","MN","No","Yes"
"1230","2/22/15 02:40",39,"Male","Greece",NA,"No","No"
"1231","2/24/15 08:54",23,"Female","United Kingdom",NA,"No","Yes"
"1232","2/24/15 08:58",24,"Cis Man","United Kingdom",NA,"Yes","No"
"1233","2/24/15 09:00",25,"Male","United Kingdom",NA,"No","Yes"
"1234","2/24/15 09:13",23,"Male","United Kingdom",NA,"No","No"
"1235","2/24/15 09:15",24,"ostensibly male, unsure what that really means","United Kingdom",NA,"No","No"
"1236","2/24/15 09:18",23,"Male","Canada",NA,"No","No"
"1237","2/24/15 10:32",60,"Male","United States","CA","No","No"
"1238","2/26/15 05:44",28,"male","Ireland",NA,"No","No"
"1239","4/2/15 15:47",28,"Male","United States","TN","No","Yes"
"1240","4/4/15 11:22",30,"male","Netherlands",NA,"No","No"
"1241","4/6/15 14:58",31,"male","Germany",NA,"No","Yes"
"1242","4/11/15 14:35",31,"Male","Poland",NA,"Yes","No"
"1243","4/23/15 14:03",28,"Male","Ireland",NA,"No","No"
"1244","5/5/15 14:22",43,"f","United States","FL","No","Yes"
"1245","5/5/15 15:16",32,"female","United Kingdom",NA,"No","No"
"1246","5/6/15 10:14",22,"Male","Australia",NA,"No","Yes"
"1247","5/6/15 16:55",32,"Male","United States","OR","No","No"
"1248","5/7/15 10:08",36,"male","Finland",NA,"No","No"
"1249","6/25/15 12:24",41,"Female","United States","WA","No","Yes"
"1250","7/22/15 18:57",30,"M","United States","CA","No","Yes"
"1251","7/27/15 23:25",30,"Male","United States","CA","Yes","Yes"
"1252","8/17/15 09:38",36,"Male","South Africa",NA,"No","Yes"
"1253","8/20/15 16:52",29,"male","United States","NC","No","Yes"
"1254","8/25/15 19:59",36,"Male","United States","UT","No","Yes"
"1255","9/12/15 11:17",26,"male","United Kingdom",NA,"No","No"
"1256","9/26/15 01:07",32,"Male","United States","IL","No","Yes"
"1257","11/7/15 12:36",34,"male","United States","CA","No","Yes"
"1258","11/30/15 21:25",46,"f","United States","NC","No","No"
"1259","2/1/16 23:04",25,"Male","United States","IL","No","Yes"
